hl;pot;vaz;rend
42.1797952902345;70.1917993739853;224.368791603162;76
42.3738269401234;70.6042526334123;224.653770788303;76
42.5733220694795;70.6835220956182;223.852104925337;76
42.7700402428268;70.7350910354343;222.985076679106;76
42.9695353721829;70.8143604976401;222.198550077497;76
43.166266464466;70.921441557742;221.520339387133;76
43.3657745127579;71.0562231402338;220.920263846234;76
43.5625314429125;71.2743284409073;220.597489649926;76
43.7593012920029;71.5479458618666;220.448593145073;76
43.9560840600292;71.8770754031118;220.471239367295;76
44.1501027909823;72.234016542253;220.592420501559;76
44.3496495960816;72.5353344856022;220.515928913679;76
44.5491834822451;72.7811403086655;220.272179024885;76
44.7487109089408;72.999190071586;219.947005473242;76
44.9427360993618;73.38388727087;220.15154904864;76
45.1312461345724;73.8797197862319;220.713275154792;76
45.3252907033971;74.3476851659448;221.160413799653;76
45.522092849827;74.7600828876187;221.425734933676;76
45.7133733815786;75.2558598652275;221.961469954626;76
45.9019027951929;75.8349605610181;222.750822928311;76
46.0904386682751;76.4418173169517;223.614881667097;76
46.2817321189625;76.9931064148463;224.296645712377;76
46.4757766877872;77.4610717945591;224.717754446066;76
46.6698277160798;77.9567932344149;225.215516900461;76
46.8611082478314;78.4525702120237;225.722661191858;76
47.0551463571882;78.8927795315936;226.053205377142;76
47.2491780070771;79.3052327910206;226.301862170436;76
47.4432031974981;79.6899299903047;226.469636374384;76
47.6399924249923;80.0468155916927;226.544183757414;76
47.8340240748812;80.4592688511197;226.787808749651;76
48.0280751031738;80.9549902909754;227.263130564544;76
48.2193685538612;81.5062793888701;227.903025604998;76
48.410636166677;81.9465442461931;228.228772694322;76
48.6074383131069;82.358941967867;228.448634210722;76
48.8014828819316;82.8269073475798;228.833165244251;76
48.9927698731511;83.3504403853315;229.380474116726;76
49.1840568643706;83.8739734230833;229.923525793916;76
49.3781014331953;84.3419388027961;230.29777043704;76
49.5721395425521;84.782148122366;230.593623301236;76
49.7661905708447;85.2778695622217;231.03750436473;76
49.9574775620642;85.8014025999734;231.565803981298;76
50.1515285903568;86.2971240398291;232.002512842455;76
50.3483371962546;86.737277821646;232.27431971882;76
50.5451264237488;87.094163423034;232.321982822706;76
50.741909191775;87.4232929642792;232.295554190826;76
50.9386984192691;87.7801785656673;232.342766997022;76
51.1354811872953;88.1093081069125;232.316461794155;76
51.3322510363858;88.3829255278718;232.144609844954;76
51.5290015070725;88.5732747684025;231.756282364058;76
51.7285224743002;88.76356847118;231.358372453245;76
51.9252858639227;89.0094298319964;231.120071833686;76
52.1220492535453;89.2552911928129;230.88357040807;76
52.3215766802409;89.4733409557333;230.564995129349;76
52.5183465293313;89.7469583766926;230.403586552607;76
52.7151228378896;90.0483318577949;230.314345717822;76
52.911899146448;90.3497053388972;230.225768646097;76
53.1086560766026;90.5678106395707;229.926537130792;76
53.3081770438303;90.7581043423482;229.54726662584;76
53.504933973985;90.9762096430218;229.252746429503;76
53.7044743196164;91.249771526228;229.087744673268;76
53.9012441687068;91.5233889471874;228.935870011688;76
54.0980010988614;91.7414942478609;228.646802267585;76
54.294764488484;91.9873556086774;228.428728017467;76
54.4915343375744;92.2609730296367;228.28087828802;76
54.6883106461327;92.562346510739;228.202495123122;76
54.8850804952231;92.8359639316983;228.056516603564;76
55.0846079219188;93.0540136946188;227.764161139655;76
55.2813648520734;93.2721189952923;227.485451571998;76
55.478121782228;93.4902242959659;227.208718929197;76
55.6776621278595;93.7637861791721;227.05689023698;76
55.8744384364178;94.0651596602744;226.984481616255;76
56.0711953665724;94.2832649609479;226.71243394814;76
56.2679458372591;94.4736142014785;226.375806337128;76
56.4647156863496;94.7472316224379;226.240277353643;76
56.6587279578348;95.0764167014361;226.248926004486;76
56.855510725861;95.4055462426813;226.246358684168;76
57.0551027472356;95.9011566070309;226.62608379394;76
57.2463768195193;96.3691775244968;226.971165816433;76
57.4320259256383;96.476480735611;226.489387552234;76
57.6121017413358;96.445114721517;225.708053749694;76
57.7978283610696;96.8854906543462;226.010055991192;76
57.9891153522891;97.4090236920979;226.481768683263;76
58.1831728400496;97.9325011920965;226.939444208738;76
58.3744792096728;98.539302410277;227.597247386743;76
58.5630021638192;99.0906470459247;228.133925232975;76
58.7570208947723;99.4475881850659;228.199678310444;76
58.9537584465233;99.5824253053107;227.746516227103;76
59.1312640091846;100.4115526934;228.953380829371;76
59.2311569118904;101.075698777718;230.079051277349;76
42.1393101137905;74.8001384240047;233.192463677019;78
42.3333611420831;75.2958598638604;233.661885123174;78
42.5328433525035;75.3196172057805;232.639372637182;78
42.7322932655843;75.204594246986;231.199932346732;78
42.92898560106;75.1451389462304;229.958674099694;78
43.1257102338751;75.2244639461894;229.151324368535;78
43.325224741635;75.387001588824;228.588920365653;78
43.5219687528538;75.5495947692118;228.046355957941;78
43.7214897200815;75.7398884719893;227.577457157897;78
43.9182660286399;76.0412619530916;227.45928049554;78
44.1122912190609;76.4259591523756;227.604483300692;78
44.3090998249587;76.8661129341925;227.898529551973;78
44.5058955119207;77.2507545957234;228.026182637955;78
44.6999142428738;77.6076957348646;228.085475066568;78
44.8967099298358;77.9923373963956;228.211197526952;78
45.0907351202568;78.3770345956797;228.350014016965;78
45.2875308072189;78.7616762572107;228.47350197516;78
45.4843264941809;79.1463179187417;228.59592134998;78
45.6783581440698;79.5587711781687;228.811112018909;78
45.8723962534266;79.9989804977386;229.103938802059;78
46.0664408222513;80.4669458774514;229.473420534654;78
46.2604789316081;80.9071551970213;229.761012739605;78
46.4545299599007;81.402876636877;230.203123857909;78
46.6485874476612;81.9263541368757;230.71969098216;78
46.8398744388807;82.4498871746274;231.245810819188;78
47.0311549706323;82.9456641522362;231.690152434428;78
47.2279635765301;83.385817934053;231.948999713222;78
47.4220146048227;83.8815393739087;232.373137811031;78
47.6133080555101;84.4328284718034;232.960619461789;78
47.8046015061975;84.984117569698;233.543399414859;78
47.9958820379491;85.4798945473068;233.969652970982;78
48.1871625697007;85.9756715249156;234.392522471995;78
48.3812071385254;86.4436369046284;234.72311545174;78
48.5752452478823;86.8838462241984;234.976032595007;78
48.7692833572391;87.3240555437683;235.226937177871;78
48.9633279260638;87.7920209234811;235.550292931256;78
49.1601365319616;88.2321747052979;235.783512808047;78
49.3541746413184;88.6723840248678;236.02826930233;78
49.5482127506752;89.1125933444377;236.271108791547;78
49.7422637789678;89.6083147842934;236.658601677745;78
49.9363148072604;90.1040362241491;237.043082992371;78
50.130365835553;90.5997576640049;237.424587708154;78
50.327161522515;90.9843993255359;237.500225348594;78
50.5239378310734;91.2857728066381;237.358853157557;78
50.7179630214944;91.6704700059222;237.447272756625;78
50.909243553246;92.166246983531;237.834465318396;78
51.1005240849976;92.6620239611398;238.218759185862;78
51.2945557348865;93.0744772205668;238.373988551409;78
51.4941154589216;93.4313072842018;238.360536093517;78
51.6909046864157;93.7881928855899;238.360103430171;78
51.884916957901;94.1173779645882;238.30229453687;78
52.0816803475235;94.3632393254046;238.022155484827;78
52.2812013147512;94.5535330281822;237.591956203427;78
52.4779582449058;94.7716383288557;237.247141895576;78
52.6747345534642;95.0730118099579;237.112487605934;78
52.8715302404262;95.4576534714889;237.185646973254;78
53.068338846324;95.8978072533058;237.395626585921;78
53.2623834151487;96.3657726330186;237.684981856948;78
53.4564086055697;96.7504698323027;237.767688213178;78
53.6559489512012;97.0240317155089;237.55324514189;78
53.8554699184289;97.2143254182864;237.137358365206;78
54.0494434331067;97.3769741364273;236.681645237848;78
54.2434169477845;97.5396228545681;236.229191354909;78
54.4429443744802;97.7576726174885;235.889592058029;78
54.6397013046348;97.975777918162;235.564550037624;78
54.8392158123946;98.1383155607967;235.096895440397;78
55.0387303201545;98.3008532034313;234.632631323882;78
55.238264206318;98.5466590264946;234.369672262051;78
55.4350405148763;98.8480325075969;234.251936962315;78
55.631797445031;99.0661378082704;233.938483510908;78
55.8285608346535;99.3119991690869;233.692525633668;78
56.0225731061387;99.6411842480851;233.655150658874;78
56.2193623336328;99.9980698494732;233.671223491568;78
56.4161386421911;100.299443330575;233.557971803418;78
56.6129149507495;100.600816811678;233.44550740026;78
56.8097106377115;100.985458473209;233.526298052751;78
57.0009911694631;101.481235450818;233.885268767748;78
57.1950357382878;101.94920083053;234.166637894459;78
57.3918314252498;102.333842492061;234.244136348661;78
57.5886077338081;102.635215973164;234.13123279233;78
57.7853840423665;102.936589454266;234.019098175945;78
57.9821668103927;103.265718995511;233.970585906643;78
58.178943118951;103.567092476613;233.859753189075;78
58.3784834645824;103.84065435982;233.676015018023;78
58.5725280334071;104.308619739532;233.95146021995;78
58.7445378192618;105.332150624128;235.555359857313;78
58.9081198450712;105.856239039411;236.070015565882;78
42.134757419297;79.046926701376;240.29715982146;80
42.3342396297173;79.0706840432961;239.23674138245;80
42.5309836409362;79.2332772236838;238.619723746887;80
42.727727652155;79.3958704040715;238.008388347721;80
42.9244716633738;79.5584635844592;237.402657051481;80
43.1212285935285;79.7765688851328;236.967274680221;80
43.320762479692;80.0223747081961;236.602587272713;80
43.5175452477182;80.3515042494413;236.501428427766;80
43.7115575192034;80.6806893284396;236.416326489811;80
43.9083338277617;80.9820628095418;236.235969210674;80
44.105116595788;81.311192350787;236.137793741946;80
44.30191228275;81.695834012318;236.200919553934;80
44.4931863550337;82.1638549297839;236.532839099476;80
44.6816963902443;82.6596874451458;236.956295555929;80
44.8702193443907;83.2110320807935;237.534590743143;80
45.0615321734818;83.8455893591169;238.329835643433;80
45.252838543105;84.4523905772974;239.039828001531;80
45.4441061559208;84.8926554346203;239.2746551451;80
45.6353737687366;85.3329202919433;239.507513867092;80
45.8266543004882;85.8286972695522;239.893519100477;80
46.0206988693129;86.296662649265;240.184477781177;80
46.2175010157428;86.7090603709389;240.304645589445;80
46.4143160811085;87.1769702128986;240.576920809549;80
46.608373568869;87.7004477128972;241.013854518449;80
46.7968900635475;88.224036288402;241.476057511879;80
46.9909217134364;88.6364895478291;241.603226593712;80
47.1877174003984;89.02113120936;241.639698384842;80
47.3817555097552;89.4613405289299;241.840148176934;80
47.5758129975157;89.9848180289286;242.263044382637;80
47.7670999887352;90.5083510666803;242.696729224407;80
47.9611445575599;90.9763164463931;242.964574669852;80
48.1579660823936;91.4719823484957;243.289911657859;80
48.3520235701541;91.9954598484944;243.70020044985;80
48.5433105613736;92.5189928862461;244.121287468927;80
48.7345975525931;93.0425259239978;244.539068891037;80
48.9258910032805;93.5938150218925;245.026215804129;80
49.1171909134358;94.17286017993;245.581917556541;80
49.3112484011963;94.6963376799287;245.975205357257;80
49.5052994294889;95.1920591197844;246.29362778875;80
49.6965799612405;95.6878360973932;246.623454849723;80
49.8906245300652;96.155801477106;246.865668982359;80
50.0846755583578;96.6515229169617;247.176957859849;80
50.2759625495773;97.1750559547135;247.570304868506;80
50.470007118402;97.6430213344263;247.80609804396;80
50.6612811906857;98.1110422518922;248.053789933118;80
50.8553257595104;98.579007631605;248.285951765068;80
51.049376787803;99.0747290714607;248.585959249257;80
51.2378932824815;99.5983176469655;248.980241580851;80
51.429180273701;100.121850684717;249.358061228287;80
51.6232183830578;100.562060004287;249.513030382827;80
51.8200205294877;100.974457725961;249.584778263041;80
52.0140586388445;101.414667045531;249.7377371932;80
52.2081032076692;101.882632425244;249.957624606598;80
52.4049053540992;102.295030146918;250.026902081741;80
52.6016816626575;102.59640362802;249.825436537143;80
52.7984385928121;102.814508928694;249.423559298388;80
52.9952019824346;103.06037028951;249.091720829591;80
53.191978290993;103.361743770612;248.895950616433;80
53.3915121771565;103.607549593676;248.555471186557;80
53.5910331443842;103.797843296453;248.084908706608;80
53.7877900745388;104.015948597127;247.69679032936;80
53.9845663830972;104.317322078229;247.508978954126;80
54.1813426916555;104.618695559331;247.322531769121;80
54.380876577819;104.864501382394;246.994019939717;80
54.5776399674416;105.110362743211;246.680561858896;80
54.7744162759999;105.411736224313;246.499109519602;80
54.9711925845582;105.713109705415;246.31895624332;80
55.1679818120523;106.069995306804;246.268916228306;80
55.3620070024733;106.454692506088;246.295870341547;80
55.5560257334264;106.811633645229;246.258672071008;80
55.7528020419848;107.113007126331;246.081893008958;80
55.9495912694789;107.469892727719;246.033385860186;80
56.1436229193678;107.882345987146;246.124073389162;80
56.3376481097888;108.26704318643;246.151059552348;80
56.534430877815;108.596172727675;246.03995629509;80
56.7284496087682;108.953113866817;246.004402071933;80
56.9252323767944;109.282243408062;245.894568532538;80
57.1220151448206;109.611372949307;245.78549173633;80
57.3160467947095;110.023826208734;245.875163408114;80
57.5073402453969;110.575115306629;246.285172122503;80
57.6958761184791;111.181972062562;246.827614858088;80
57.8871501907628;111.649992980028;247.047621316637;80
58.0839458777248;112.034634641559;247.058804908996;80
58.2779839870816;112.474843961129;247.20373356436;80
58.4637752014944;113.192780495387;247.991056357485;80
58.6357526900095;114.077531079268;249.196394890368;80
42.0924900449005;87.9019984910136;260.960281379325;82
42.2919980931924;88.0367800735053;260.127475832624;82
42.4887356449434;88.1716171937501;259.319562011583;82
42.685492575098;88.3897224944237;258.762747511964;82
42.8850264612615;88.635528317487;258.275039156561;82
43.0817575535446;88.7426093775889;257.406235329168;82
43.281233304497;88.7386106593661;256.20834911794;82
43.4807025959815;88.7068558810003;254.941721480067;82
43.6801912658698;88.7583692830633;253.924767762786;82
43.8797057736296;88.920906925698;253.233091794967;82
44.0764691632522;89.1667682865144;252.799674353766;82
44.2732519312784;89.4958978277596;252.60502601676;82
44.4700411587725;89.8527834291476;252.490059362321;82
44.6667980889271;90.0708887298212;251.988027648099;82
44.8663190561549;90.2611824325987;251.397444618089;82
45.0630889052453;90.5347998535581;251.05846486053;82
45.2571076361984;90.8917409926992;250.967744778318;82
45.4539033231604;91.2763826542302;250.938626874177;82
45.6506990101224;91.6610243157612;250.909760018895;82
45.847462399745;91.9068856765776;250.503055637224;82
46.0442064109638;92.0694788569654;249.873945027851;82
46.2409504221826;92.2320720373531;249.250187844116;82
46.4377073523373;92.4501773380266;248.78102854919;82
46.6344901203635;92.7793068792718;248.613193228231;82
46.8257641926472;93.2473277967377;248.8466519601;82
47.0170511838667;93.7708608344894;249.225683740448;82
47.2138662492324;94.2387706764491;249.425199108289;82
47.4079043585892;94.6789799960191;249.564663951532;82
47.6019553868818;95.1747014358748;249.848652135664;82
47.7959999557065;95.6426668155876;250.057799915979;82
47.9900316055954;96.0551200750146;250.120774062097;82
48.1868337520253;96.4675177966885;250.168712746176;82
48.3808912397858;96.9909952966871;250.517363452181;82
48.569427112868;97.5978520526207;251.106271531596;82
48.7607141040875;98.1213850903724;251.462884864835;82
48.954771591848;98.644862590371;251.802318336947;82
49.1488226201406;99.1405840302268;252.068533742311;82
49.3428542700296;99.5530372896538;252.121874500555;82
49.5368665415148;99.882222368652;251.964842109385;82
49.7308852724679;100.239163507793;251.878747066726;82
49.9249169223568;100.65161676722;251.932203537903;82
50.1189550317136;101.09182608679;252.054418407434;82
50.3129866816025;101.504279346217;252.106785087613;82
50.5070118720235;101.888976545501;252.090108601181;82
50.6982859443072;102.356997462967;252.292617218062;82
50.8923434320677;102.880474962966;252.615963938062;82
51.0863815414245;103.320684282536;252.733267332706;82
51.2831836878545;103.73308200421;252.768286007205;82
51.4744642196061;104.228858981818;253.032571623991;82
51.6602295961472;104.835771275505;253.590770596512;82
51.8487525502936;105.387115911153;253.997527039042;82
52.0427971191183;105.855081290866;254.17413861962;82
52.2395863466125;106.211966892254;254.070359920536;82
52.4363691146387;106.541096433499;253.901245162304;82
52.6331648016007;106.92573809503;253.865130620641;82
52.8272029109575;107.3659474146;253.973980223056;82
53.0184769832412;107.833968332066;254.160830252173;82
53.212515092598;108.274177651636;254.267813412548;82
53.4092978606242;108.603307192881;254.101051824456;82
53.6060806286505;108.932436734126;253.935514567878;82
53.8000993596036;109.289377873267;253.848824578193;82
53.9941180905567;109.646319012408;253.762757600138;82
54.1936778145918;110.003149076043;253.651113766567;82
54.3904799610217;110.415546797717;253.68081078284;82
54.5845309893143;110.911268237573;253.913837431887;82
54.7758244400017;111.462557335467;254.284776642323;82
54.9670920528175;111.90282219279;254.400850236803;82
55.1611172432386;112.287519392075;254.377511588314;82
55.3551424336596;112.672216591359;254.354336548317;82
55.5491805430164;113.112425910929;254.456143548618;82
55.7459891489142;113.552579692745;254.54446615382;82
55.9400207988031;113.965032952172;254.582928349206;82
56.1368164857651;114.349674613703;254.546678076007;82
56.330848135654;114.76212787313;254.584865799043;82
56.5248862450108;115.2023371927;254.684124096636;82
56.7189243543677;115.64254651227;254.782703259614;82
56.9157265007976;116.054944233944;254.807169884447;82
57.1097646101544;116.495153553514;254.904656339765;82
57.3065538376485;116.852039154902;254.807545032996;82
57.5061071022157;117.181113158394;254.638420164869;82
57.6973876339673;117.676890136003;254.868001447698;82
57.8831594699764;118.311558489832;255.420192326918;82
58.0717018025265;118.946171305909;255.956518787734;82
58.262988793746;119.469704343661;256.239046888751;82
58.4570269031028;119.909913663231;256.329533697426;82
58.6510650124596;120.3501229828;256.419421782471;82
58.842358463147;120.901412080695;256.756580246383;82
59.030907255165;121.563780956914;257.338652231306;82
59.2166920101099;122.25396143103;257.987746128098;82
59.4024767650547;122.944141905145;258.632779865883;82
59.5827528242571;123.773213755481;259.589058778577;82
59.7602648463863;124.630097203713;260.60977482192;82
59.9460560607991;125.348033737972;261.298665121621;82
59.9875941305105;125.263932491247;260.942535517643;82
42.0867365045652;98.893564920865;286.640550214412;84
42.2862445528572;99.0283465033567;285.676987543104;84
42.4830014830118;99.2464518040303;284.980171514761;84
42.6825289097074;99.4645015669507;284.271168434592;84
42.8792600019905;99.5715826270526;283.271560670726;84
43.0787357529429;99.5675839088298;281.948550619762;84
43.2781985849596;99.5080730703211;280.481349377817;84
43.4776678764441;99.4763182919554;279.105445363955;84
43.6771565463324;99.5278316940184;277.974547800379;84
43.8766516756885;99.6071011562243;276.931061256245;84
44.0761532645125;99.7141266785731;275.973799285076;84
44.2756677722724;99.8766643212077;275.178029511197;84
44.472424702427;100.094769621881;274.558834722571;84
44.6719521291227;100.312819384802;273.927953361666;84
44.8687025998094;100.503168625332;273.244286353812;84
45.0682235670371;100.69346232811;272.549683047453;84
45.2649740377238;100.88381156864;271.877992033242;84
45.4644756265479;100.990837090989;270.972134669892;84
45.6639578369682;101.014594432909;269.851863294145;84
45.8606760103155;101.066163372725;268.831511858966;84
46.0574135620664;101.20100049297;268.040307451672;84
46.2541769516889;101.446861853787;267.548491541938;84
46.4509532602473;101.748235334889;267.20655134803;84
46.6476972714661;101.910828515277;266.504759466342;84
46.8471859413543;101.96234191734;265.504044163795;84
47.0466875301784;102.069367439688;264.655680136795;84
47.243444460333;102.287472740362;264.116626544423;84
47.4402207688913;102.588846221464;263.796051766463;84
47.6369970774496;102.890219702566;263.478125414109;84
47.831002889467;103.191648721422;263.178199522154;84
48.0277662790895;103.437510082238;262.724465006313;84
48.2245361281799;103.711127503198;262.344608882122;84
48.418554859133;104.068068642339;262.192653512608;84
48.6153440866271;104.424954243727;262.026838457666;84
48.8121397735892;104.809595905258;261.931691445144;84
49.0089225416154;105.138725446503;261.699203206051;84
49.2056988501737;105.440098927605;261.399797914735;84
49.4024945371357;105.824740589136;261.308285726085;84
49.5965326464925;106.264949908706;261.368697384984;84
49.7905642963815;106.677403168133;261.360669485158;84
49.9901175609487;107.006477171625;261.120371899542;84
50.1869003289749;107.33560671287;260.896521764905;84
50.3836960159369;107.720248374401;260.808757504363;84
50.5777341252937;108.160457693971;260.869913591681;84
50.7717786941184;108.628423073684;260.997257431354;84
50.9630721448058;109.179712171579;261.337174888659;84
51.1543720549611;109.758757329616;261.740706661254;84
51.3484230832537;110.254478769472;261.929236277299;84
51.5452252296836;110.666876491146;261.905161789503;84
51.7420209166457;111.051518152677;261.81586524196;84
51.9360525665346;111.463971412104;261.806498369518;84
52.1300971353593;111.931936791817;261.927037835238;84
52.3241352447161;112.372146111387;261.982005725484;84
52.5181733540729;112.812355430957;262.036567437647;84
52.7094668047603;113.363644528851;262.361450722198;84
52.8980155967783;114.026013405071;262.95377348316;84
53.0838003517232;114.716193879186;263.619522622612;84
53.2695592687964;115.29535011273;264.026510507848;84
53.4608462600159;115.818883150481;264.276405139478;84
53.6493756736302;116.397983846272;264.664463555022;84
53.8379180061803;117.032596662349;265.175521381119;84
54.0292179163356;117.611641820386;265.543991254642;84
54.223281863564;118.162875380528;265.833737897489;84
54.4145753142514;118.714164478422;266.135091914637;84
54.6058687649388;119.265453576317;266.434334545184;84
54.797175134562;119.872254794497;266.855003964369;84
54.9884879636531;120.506812072821;267.334289446584;84
55.1797684954047;121.00258905043;267.503602980877;84
55.3737807668899;121.331774129428;267.291543023921;84
55.5705635349161;121.660903670673;267.067526498991;84
55.7646081037408;122.128869050386;267.161902848088;84
55.9558950949603;122.652402088138;267.389936350083;84
56.1471756267119;123.148179065746;267.556143062209;84
56.3439842326098;123.588332847563;267.574527422649;84
56.540767000636;123.917462388808;267.353369987968;84
56.7375368497264;124.191079809768;267.014454776153;84
56.9315491212116;124.520264888766;266.809864158272;84
57.1255872305684;124.960474208336;266.843626488409;84
57.319638258861;125.456195648192;266.995240698;84
57.5136763682178;125.896404967761;267.028149789221;84
57.7077144775747;126.336614287331;267.060837571457;84
57.9017525869315;126.776823606901;267.093306269635;84
58.0957842368204;127.189276866328;267.067306638351;84
58.2870518496362;127.629541723651;267.112349630805;84
58.4755683443147;128.153130299156;267.343490716374;84
58.6668553355342;128.676663336908;267.560394848119;84
58.8609063638268;129.172384776764;267.705676029462;84
59.0521998145142;129.723673874658;267.977299464457;84
59.2407421470643;130.358286690735;268.431204641089;84
59.4320355977516;130.909575788629;268.698756851374;84
59.6287989873742;131.155437149446;268.315081526015;84
59.734232883162;131.819472158258;269.19756337082;84
59.8175028066217;132.483951469095;270.177912204533;84
59.939591978995;133.286433552103;271.260783712058;84
42.0973604836959;108.830067838767;308.027659175851;86
42.2968168562447;108.742800940116;306.329281496206;86
42.4962732287934;108.655534041464;304.646846496965;86
42.6957231418742;108.54051108267;302.902718075725;86
42.8923896394783;108.370031541343;301.040300728935;86
43.0918137146876;108.143984341976;299.022091206237;86
43.2884737528237;107.945748740506;297.11799181063;86
43.4879430443083;107.913993962141;295.668175907911;86
43.6846612176555;107.965562901957;294.477395443621;86
43.8841434280759;107.989320243877;293.203306457344;86
44.0836256384962;108.013077585797;291.940748196299;86
44.2831207678523;108.092347048003;290.838843802588;86
44.4798454006675;108.171672047962;289.765019130028;86
44.6793405300236;108.250941510168;288.682601229134;86
44.8788356593798;108.330210972373;287.609806443278;86
45.0755602921949;108.409535972332;286.564265934663;86
45.2750683404868;108.544317554824;285.656203442589;86
45.4718188111736;108.734666795355;284.91898210522;86
45.6713010215939;108.758424137275;283.736498375065;86
45.8679804381337;108.643456716233;282.221202779263;86
46.0674497296183;108.611701937868;280.917070256163;86
46.2641614434976;108.635514817541;279.783960708379;86
46.4636371944501;108.631516099318;278.572549632199;86
46.6631129454025;108.627517381095;277.371495650473;86
46.8626145342266;108.734542903444;276.462798696676;86
47.0593650049133;108.924892143975;275.788884198207;86
47.2588988910768;109.170697967038;275.244196227575;86
47.455688118571;109.527583568426;274.99887235398;86
47.649713308992;109.91228076771;274.841056825387;86
47.8464896175503;110.213654248812;274.461229104074;86
48.0460235037138;110.459460071876;273.930978321741;86
48.2427739744006;110.649809312406;273.283920763822;86
48.4422949416283;110.840103015184;272.626390145592;86
48.6418288277918;111.085908838247;272.110161015067;86
48.838611595818;111.415038379492;271.816732153597;86
49.0354008233122;111.771923980881;271.593066698807;86
49.2294260137332;112.156621180165;271.453738391374;86
49.4234512041542;112.541318379449;271.315504026218;86
49.6202468911162;112.92596004098;271.163076439911;86
49.8142720815372;113.310657240264;271.027058720944;86
50.0110742279671;113.723054961938;270.943050660512;86
50.2023483002508;114.191075879404;271.021543435457;86
50.3936288320024;114.686852857012;271.165031898681;86
50.5876734008271;115.154818236725;271.227105977784;86
50.7789603920466;115.678351274477;271.433825044093;86
50.9730114203393;116.174072714333;271.559252577454;86
51.167055989164;116.642038094046;271.619128737993;86
51.3583558993193;117.221083252083;271.950774390081;86
51.5468788534657;117.772427887731;272.230597293753;86
51.7381400068136;118.184936684911;272.174226311585;86
51.9321716567025;118.597389944338;272.103626081084;86
52.1234651073899;119.148679042232;272.365210796001;86
52.3147585580773;119.699968140127;272.624882496536;86
52.5060455492968;120.223501177879;272.819709638986;86
52.6973196215805;120.691522095345;272.887674488953;86
52.8886066128;121.215055133097;273.080141917726;86
53.074378448809;121.849723486926;273.5491143386;86
53.2573927072129;122.539959498795;274.153322328145;86
53.4404134250847;123.257951570806;274.815243472938;86
53.6234406024243;124.00369970296;275.534286596136;86
53.8092188979013;124.666124116933;276.049809336779;86
54.0005252675245;125.272925335113;276.410741946576;86
54.1918316371477;125.879726553294;276.769126249546;86
54.3803933481015;126.597607549799;277.38235798175;86
54.560656488368;127.371167279849;278.15522577122;86
54.7409196286346;128.144727009899;278.923003416948;86
54.9267043835795;128.834907484015;279.476753575976;86
55.1152402566617;129.441764239948;279.8326598714;86
55.3065337073491;129.993053337843;280.052456474108;86
55.4978336175044;130.57209849588;280.330295798439;86
55.6863759500545;131.206711311957;280.739018282142;86
55.8749053636687;131.785812007748;281.026670585168;86
56.0689305540898;132.170509207032;280.871693322236;86
56.2657262410518;132.555150868563;280.703844936837;86
56.4597772693444;133.050872308418;280.785222555032;86
56.651057801096;133.546649286027;280.879895149538;86
56.8450765320491;133.903590425168;280.669388546776;86
57.039108181938;134.316043684595;280.576211184728;86
57.2276246766165;134.8396322601;280.742085094386;86
57.4188793704965;135.224384997137;280.605374305165;86
57.6156298411832;135.414734237668;280.040787193021;86
57.8123932308057;135.660595598484;279.594390120755;86
58.0036737625574;136.156372576093;279.690782044267;86
58.1949672132447;136.707661673988;279.900135689418;86
58.3890247010053;137.231139173987;280.038104457648;86
58.58306926983;137.699104553699;280.06231643082;86
58.7743368826458;138.139369411022;280.043446027566;86
58.9683749920026;138.579578730592;280.01142949518;86
59.1624260202952;139.075300170448;280.091360736079;86
59.3509618933774;139.682156926381;280.419914560004;86
59.5367466483222;140.372337400497;280.926115683075;86
59.7197932040656;141.20135371308;281.719070667175;86
59.8918029899202;142.224884597676;282.94621233597;86
42.1243167660172;117.51721482372;324.847913132331;88
42.3211124529792;117.901856485251;324.395655697718;88
42.5206398796748;118.119906248172;323.470562036887;88
42.7173709719578;118.226987308273;322.272737095624;88
42.9168467229103;118.222988590051;320.763977205972;88
43.1163224738627;118.218989871828;319.269177737558;88
43.3158046842831;118.242747213748;317.862712872494;88
43.5152739757676;118.210992435382;316.320692122915;88
43.7147368077843;118.151481596873;314.718856768436;88
43.9114356027278;118.119782356261;313.225032727244;88
44.1081279382035;118.060327055505;311.671303532189;88
44.3048202736791;118.00087175475;310.131369974818;88
44.5042831056958;117.941360916241;308.585692426364;88
44.7037459377124;117.881850077732;307.053808139066;88
44.8976806955828;117.877962435016;305.717411875842;88
45.0943988689301;117.929531374832;304.516922308647;88
45.2938875388183;117.981044776895;303.308164785831;88
45.4933697492387;118.004802118815;302.039007992994;88
45.692851959659;118.028559460735;300.780932767254;88
45.8923470890152;118.107828922941;299.67456098121;88
46.0918680562429;118.298122625718;298.858081015696;88
46.2886314458654;118.543983986535;298.206179662192;88
46.4881459536253;118.706521629169;297.333480364758;88
46.684896424312;118.8968708697;296.555160894816;88
46.8816856518061;119.253756471088;296.196764755703;88
47.0784813387681;119.638398132619;295.909975230277;88
47.2752511878586;119.912015553578;295.352273930408;88
47.4747592361505;120.04679713607;294.441666816682;88
47.6742737439103;120.209334778705;293.606434431197;88
47.871030674065;120.427440079378;292.930192927784;88
48.0677940636875;120.673301440195;292.326686344987;88
48.2645703722458;120.974674921297;291.861950217807;88
48.4613595997399;121.331560522685;291.534294494562;88
48.6553912496288;121.744013782112;291.358778525506;88
48.849409980582;122.100954921253;291.052409469576;88
49.0461862891403;122.402328402356;290.60019200491;88
49.2429755166344;122.759214003744;290.282779394459;88
49.4370071665233;123.171667263171;290.114950371612;88
49.6310323569443;123.556364462455;289.883351097631;88
49.8278345033742;123.968762184129;289.702146139815;88
50.0218855316668;124.464483623984;289.732253689738;88
50.2104020263453;124.988072199489;289.858694529675;88
50.4044401357022;125.428281519059;289.759803113506;88
50.6012358226642;125.81292318059;289.518013583396;88
50.7980315096262;126.197564842121;289.278097477718;88
50.9893055819099;126.665585759587;289.261743429027;88
51.1833630696704;127.189063259586;289.355946170594;88
51.3774205574309;127.712540759584;289.449437286424;88
51.5687010891825;128.208317737193;289.495268583268;88
51.7627391985393;128.648527056763;289.400334504068;88
51.9567966862998;129.172004556762;289.492617300424;88
52.1453390188499;129.806617372838;289.863010506262;88
52.3338619729963;130.357962008486;290.045571231843;88
52.5279130012889;130.853683448342;290.072973699243;88
52.7191935330405;131.34946042595;290.115542447368;88
52.9104869837279;131.900749523845;290.279900577139;88
53.0962652792049;132.563173937817;290.716967833902;88
53.2820629530855;133.308866532219;291.332855427368;88
53.4651095088289;134.137882844802;292.140957070779;88
53.6481431456365;134.911387037099;292.823126582512;88
53.8339279005813;135.601567511214;293.305429415216;88
54.0252278107366;136.180612669252;293.514889969999;88
54.216521261424;136.731901767146;293.663294839603;88
54.4105916681203;137.310891387431;293.854941983106;88
54.5991404601383;137.97326026365;294.252784928507;88
54.7849187556153;138.635684677623;294.662908076216;88
54.9734610881654;139.270297493699;294.996513787823;88
55.1619969612476;139.877154249633;295.269282787683;88
55.353290411935;140.428443347527;295.408576980583;88
55.5473543591634;140.979676907669;295.532054516641;88
55.7358966917135;141.614289723745;295.858156558367;88
55.9216749871904;142.276714137718;296.25460963541;88
56.1102173197405;142.911326953794;296.576108256211;88
56.2960020746854;143.60150742791;297.024932474811;88
56.4790421709609;144.40276768035;297.71427245476;88
56.6593117706953;145.204083470543;298.413863872634;88
56.845109444576;145.949776064944;298.965990457553;88
57.0336776149977;146.695413121592;299.499856804398;88
57.2194688294105;147.413349655851;299.988394565794;88
57.41075582063;147.936882693602;300.050710587668;88
57.6075321291883;148.238256174704;299.634962965659;88
57.7987932825362;148.650764971885;299.474492839823;88
57.9763053046654;149.507648420117;300.278568126593;88
58.1510597491895;150.420099526388;301.203281435279;88
58.3313487273276;151.30468349701;302.038158803738;88
58.5116377054658;152.189267467632;302.867891240571;88
58.6946713422733;152.962771659929;303.457957375198;88
58.8804560972182;153.652952134044;303.865367033332;88
59.066247311631;154.370888668302;304.324898474698;88
59.2548025631169;155.061013604665;304.71267808113;88
59.4405937775296;155.778950138923;305.166667065757;88
59.61532884365;156.608133064765;305.891796031291;88
59.7734926062675;157.659697698269;307.130903823884;88
59.8651127761576;158.490546756705;308.276925928095;88
42.1257055516153;123.484767754446;337.49731955105;89
42.3252200593752;123.64730539708;336.348548686138;89
42.524734567135;123.809843039715;335.210557263165;89
42.7214527404822;123.861411979531;333.80600149422;89
42.9181515354258;123.829712738918;332.191092636096;89
43.1148632493051;123.853525618591;330.739059648048;89
43.3115620442487;123.821826377979;329.152747908624;89
43.5082479202564;123.73461501708;327.433977208992;89
43.7077107522731;123.675104178572;325.782949588361;89
43.9071865032255;123.671105460349;324.292392057397;89
44.1066945515174;123.805887042841;323.177346349654;89
44.3034385627363;123.968480223228;322.164712055465;89
44.5001825739551;124.131073403616;321.161031869841;89
44.6996970817149;124.293611046251;320.146200534923;89
44.8964475524017;124.483960286781;319.23135712272;89
45.0931851041526;124.618797407026;318.182851911371;89
45.2926931524445;124.753578989518;317.123915586907;89
45.4894436231313;124.943928230048;316.234069942192;89
45.6889581308911;125.106465872683;315.262726871751;89
45.8884597197152;125.213491395032;314.160638817448;89
46.085203730934;125.37608457542;313.225648960773;89
46.2819542016207;125.56643381595;312.367612644459;89
46.4786917533716;125.701270936195;311.379416084683;89
46.6781868827278;125.780540398401;310.244152293146;89
46.8721733163414;125.998701236827;309.496045402453;89
47.0634150912856;126.327941853579;309.043852604599;89
47.2602043187797;126.684827454967;308.626444681452;89
47.456987086806;127.013956996212;308.145202185011;89
47.6537698548322;127.343086537457;307.667934200169;89
47.8505461633905;127.64446001856;307.127848758165;89
48.047309553013;127.890321379376;306.459247743998;89
48.2440858615714;128.191694860478;305.928497869511;89
48.4408815485334;128.576336522009;305.599849402462;89
48.6376707760275;128.933222123397;305.208197403125;89
48.8316895069806;129.290163262538;304.837126982576;89
49.02568885953;129.563836221251;304.273563169554;89
49.2252227456936;129.809642044314;303.615115277892;89
49.4220184326556;130.194283705845;303.30220297205;89
49.6132925049393;130.662304623311;303.218986140224;89
49.8073241548282;131.074757882738;302.991175703286;89
50.0041198417902;131.459399544269;302.684361601199;89
50.198157951147;131.899608863839;302.524013501725;89
50.3894384828986;132.395385841448;302.508413059149;89
50.5807125551823;132.863406758914;302.429789619726;89
50.7747506645391;133.303616078484;302.272235275217;89
50.9688081522996;133.827093578482;302.303861321633;89
51.1573440253818;134.433950334416;302.555532109958;89
51.3458734389961;135.013051030207;302.743154671964;89
51.5399373862245;135.564284590348;302.834622983512;89
51.7312308369119;136.115573688243;302.941752019991;89
51.9225242875993;136.666862786137;303.04809168487;89
52.1165817753598;137.190340286136;303.076132302594;89
52.3078687665793;137.713873323888;303.120141079415;89
52.5019262543398;138.237350823886;303.147709580715;89
52.6932132455593;138.760883861638;303.191136682222;89
52.8845002367788;139.28441689939;303.234249625913;89
53.0757872279983;139.807949937142;303.277051808493;89
53.2643295605484;140.442562753218;303.575282144939;89
53.4528848120343;141.13268768958;303.990904770275;89
53.6414336040523;141.7950565658;304.344067478336;89
53.8299759366023;142.429669381876;304.635426726213;89
54.0185247286203;143.092038258095;304.983874415486;89
54.2070735206383;143.754407134315;305.329898089344;89
54.3956158531884;144.389019950391;305.614810581945;89
54.5869222228116;144.995821168572;305.823605598384;89
54.7782350519027;145.630378446895;306.089244463659;89
54.9640198068476;146.32055892101;306.500361064739;89
55.1470340652514;147.010794932879;306.924242324821;89
55.3355828572694;147.673163809098;307.256597669316;89
55.5241381087553;148.363288745461;307.644214617115;89
55.7126804413054;148.997901561537;307.914559603993;89
55.9067508480017;149.576891181822;308.038057551552;89
56.1008083357622;150.10036868182;308.04684603288;89
56.2893312899086;150.651713317468;308.142862270267;89
56.4806312000639;151.230758475505;308.279549220371;89
56.671944029155;151.865315753829;308.528020927487;89
56.8577481625035;152.638764408373;309.085984726951;89
57.0435458363842;153.384457002774;309.584327162984;89
57.2320817094664;153.991313758708;309.785301507654;89
57.4261456566948;154.542547318849;309.843596282619;89
57.614681529777;155.149404074783;310.0423876025;89
57.7977151665846;155.92290826708;310.601381243804;89
57.9862445801988;156.502008962871;310.741358667115;89
58.1747739938131;157.081109658661;310.880428829091;89
58.3605329108864;157.660265892205;311.033474790547;89
58.5352227607315;158.295156397047;311.354019946899;89
58.7043974553661;159.041182217967;311.91990295609;89
58.884641217229;159.731473767588;312.314819315811;89
59.0731835497791;160.366086583665;312.554878109098;89
59.2644899194023;160.972887801845;312.724790955948;89
59.4585603260986;161.55187742213;312.825211238525;89
59.6388234663651;162.32543715218;313.373047002001;89
59.7804417633514;163.710407733918;315.298058562988;89
59.8691687068104;164.01394718739;315.414517860548;89
42.0997381830699;130.951703310419;354.146847713403;90
42.2910445526931;131.5585045286;354.178455539082;90
42.4905719793888;131.77655429152;353.099574140338;90
42.6900671087449;131.855823753726;351.660915576054;90
42.8895557786332;131.907337155789;350.16201181554;90
43.0862868709162;132.014418215891;348.846139442564;90
43.2830244226671;132.149255336136;347.615188673686;90
43.4825260114912;132.256280858484;346.300536319875;90
43.6820340597831;132.391062440976;345.070186009844;90
43.8815485675429;132.553600083611;343.922988445811;90
44.0810759942386;132.771649846531;342.92945460427;90
44.2778264649253;132.961999087062;341.895091659416;90
44.4745704761441;133.12459226745;340.798874533503;90
44.674084983904;133.287129910084;339.691104401584;90
44.8708289951228;133.449723090472;338.614231840681;90
45.0675665468737;133.584560210717;337.476689353495;90
45.2670875141015;133.774853913494;336.467836948877;90
45.4638379847882;133.965203154025;335.488420809972;90
45.6605690770712;134.072284214127;334.309957552747;90
45.8600577469595;134.12379761619;332.983618252399;90
46.0595593357835;134.230823138539;331.805895660024;90
46.2563098064702;134.421172379069;330.86308855547;90
46.4530731960928;134.667033739886;330.064234438668;90
46.6498430451832;134.940651160845;329.339815863083;90
46.8465999753378;135.158756461519;328.486658113536;90
47.0461274020335;135.376806224439;327.621208144507;90
47.2429230889955;135.76144788597;327.183447062165;90
47.4369676578202;136.229413265683;326.968255567484;90
47.628235270636;136.669678123006;326.707650945823;90
47.8250374170659;137.08207584468;326.345010838968;90
48.0218331040279;137.466717506211;325.919580119263;90
48.2158647539168;137.879170765638;325.581954725237;90
48.4099093227415;138.34713614535;325.377507511394;90
48.6039474320983;138.78734546492;325.109717324786;90
48.8007302001246;139.116475006166;324.566631436203;90
49.0002770052239;139.417792949515;323.945008049693;90
49.1970468543143;139.691410370474;323.282571263732;90
49.3938102439369;139.937271731291;322.561475638439;90
49.5905671740915;140.155377031964;321.782419124343;90
49.7845729861088;140.456806050819;321.217816575231;90
49.9813622136029;140.813691652207;320.766067360888;90
50.1781449816291;141.142821193453;320.254923864642;90
50.3749212901875;141.444194674555;319.68508193688;90
50.5744745547547;141.773268678047;319.164512557832;90
50.7685126641115;142.213477997617;318.931886039175;90
50.9597931958631;142.709254975226;318.842426573589;90
51.1538506836236;143.232732475224;318.797986205736;90
51.345144134311;143.784021573119;318.832711659867;90
51.5364375849984;144.335310671014;318.867179325441;90
51.7249669986127;144.914411366804;318.979651004972;90
51.913496412227;145.493512062595;319.091305778639;90
52.1075668189233;146.072501682879;319.167966626988;90
52.2988796480144;146.707058961203;319.381862447403;90
52.4874284400324;147.369427837422;319.671357674443;90
52.6759707725825;148.004040653499;319.898827203006;90
52.8672577638019;148.52757369125;319.868833278171;90
53.0613023326266;148.995539070963;319.703200877358;90
53.2553469014514;149.463504450676;319.538775494044;90
53.4493914702761;149.931469830389;319.37554398223;90
53.6434360391008;150.399435210102;319.213493386133;90
53.8347101113845;150.867456127567;319.069147802965;90
54.0287482207413;151.307665447137;318.850901066735;90
54.222792789566;151.77563082685;318.692459455071;90
54.4140797807855;152.299163864602;318.667559022972;90
54.6053732314729;152.850452962497;318.700668096426;90
54.7939220234909;153.512821838716;318.980321346625;90
54.9769556602984;154.286326031013;319.520240173341;90
55.1627533341791;155.032018625414;319.9831361821;90
55.3513021261971;155.694387501634;320.255604760025;90
55.5426149552882;156.328944779957;320.453262588157;90
55.728406169701;157.046881314215;320.851680087123;90
55.9086628504996;157.792684984123;321.336000798055;90
56.0944346865087;158.427353337952;321.559996389304;90
56.282964100123;159.006454033743;321.654339655955;90
56.4714999732052;159.613310789676;321.803976502925;90
56.6600487652232;160.275679665896;322.064092292707;90
56.8513615943143;160.910236944219;322.251114124312;90
57.0426744234053;161.544794222543;322.436881467902;90
57.2256951412771;162.262786294554;322.834155222278;90
57.4059582815437;163.036346024604;323.35463161907;90
57.5889660804796;163.69882597633;323.636806357656;90
57.7802724501028;164.30562719451;323.760957610473;90
57.9715852791939;164.940184472834;323.938765645573;90
58.1573829530746;165.685877067235;324.363710258637;90
58.3376525528091;166.487192857428;324.925282244866;90
58.5234373077539;167.177373331543;325.236512193424;90
58.711979640304;167.81198614762;325.422724804397;90
58.8977643952489;168.502166621735;325.730407605685;90
59.0808044915244;169.303426874175;326.265364085932;90
59.2666215438087;170.132387649005;326.834918326668;90
59.4524127582215;170.850324183264;327.188436639261;90
59.6354463950291;171.623828375561;327.660986672953;90
59.8019281067375;172.702982455948;328.803381093268;90
59.8740902061616;173.256659677226;329.459954034468;90
42.1263068973173;137.973486686797;368.80346511916;91
42.3176003480047;138.524775784692;368.603253297032;91
42.5143508186914;138.715125025223;367.401568927254;91
42.7138524075155;138.822150547571;365.967707983766;91
42.9106028782022;139.012499788102;364.789204707251;91
43.1073598083568;139.230605088776;363.693908314121;91
43.3068936945204;139.476410911839;362.657338732975;91
43.5036635436108;139.750028332798;361.725240448197;91
43.7004333927012;140.023645753758;360.801536077372;91
43.8971967823237;140.269507114574;359.814966720006;91
44.0939601719463;140.515368475391;358.837202229796;91
44.2907429399725;140.844498016636;358.079667702988;91
44.4847616709256;141.201439155777;357.421436405883;91
44.6787674829429;141.502868174632;356.629118064264;91
44.8783013691064;141.748673997696;355.6602546653;91
45.0750905966006;142.105559599084;354.999058874069;91
45.2691222464895;142.518012858511;354.503416803492;91
45.4631409774426;142.874953997652;353.874612851536;91
45.6598914481293;143.065303238183;352.819179682479;91
45.8593801180176;143.116816640246;351.410900112139;91
46.0588817068416;143.223842162594;350.150436142398;91
46.2556386369962;143.441947463268;349.191957179448;91
46.4524084860866;143.715564884227;348.376066027417;91
46.6519423722502;143.961370707291;347.479336375203;91
46.8514762584137;144.207176530354;346.590244815388;91
47.0455014488347;144.591873729638;346.081611650981;91
47.2367884400542;145.11540676739;345.928147740802;91
47.4280754312737;145.638939805141;345.775921732409;91
47.6221135406305;146.079149124711;345.407930949374;91
47.8189156870605;146.491546846385;344.957491953968;91
48.0129537964173;146.931756165955;344.595804306955;91
48.2042214092331;147.372021023278;344.256942784489;91
48.4010170961951;147.756662684809;343.752073242586;91
48.5978127831571;148.14130434634;343.251292615085;91
48.7918379735781;148.526001545624;342.774141878334;91
48.9886272010722;148.882887147012;342.217530812277;91
49.1854228880343;149.267528808543;341.728872782363;91
49.379467456859;149.735494188256;341.453130868381;91
49.5735120256837;150.203459567969;341.179547616096;91
49.7703206315815;150.643613349786;340.826242324926;91
49.9616011633331;151.139390327395;340.638756488975;91
50.1528881545526;151.662923365146;340.514975085767;91
50.3441945241758;152.269724583327;340.578247350337;91
50.5299663601849;152.904392937156;340.740451529673;91
50.7185086927349;153.539005753233;340.882722368132;91
50.907051025285;154.173618569309;341.023939361389;91
51.0928228612941;154.808286923139;341.182736120851;91
51.2841292309173;155.415088141319;341.242357767976;91
51.4754291410726;155.994133299357;341.240862041849;91
51.6694866288331;156.517610799355;341.100066560985;91
51.8635441165936;157.041088299354;340.960324707202;91
52.05206707074;157.592432935002;340.918147894021;91
52.2433669808953;158.171478093039;340.917861315545;91
52.4319028539775;158.778334848973;340.995277579036;91
52.6176876089224;159.468515323088;341.268287775757;91
52.8062428604082;160.158640259451;341.521339442005;91
52.9947916524262;160.82100913567;341.713655773635;91
53.1860980220494;161.42781035385;341.769235634815;91
53.3774043916726;162.034611572031;341.824417095901;91
53.56869784236;162.585900669925;341.762597996044;91
53.7627359517168;163.026109989495;341.451122755711;91
53.9567740610736;163.466319309065;341.141887755562;91
54.1480739712289;164.045364467103;341.140820806441;91
54.3338522667059;164.707788881075;341.347227917459;91
54.5223752208523;165.259133516723;341.305624255926;91
54.7164327086128;165.782611016722;341.172439443837;91
54.9104772774375;166.250576396434;340.926438741048;91
55.1044895489227;166.579761475433;340.398778502485;91
55.3012529385453;166.825622836249;339.688250053422;91
55.4952587505626;167.127051855105;339.112354626331;91
55.6920479780567;167.483937456493;338.635679540923;91
55.8833220503404;167.951958373959;338.419670035049;91
56.0718385450189;168.475546949463;338.333358111944;91
56.2658960327794;168.999024449462;338.214092130582;91
56.4599535205399;169.522501949461;338.095646003125;91
56.6539980893646;169.990467329173;337.867754214733;91
56.8507808573908;170.319596870419;337.350165176784;91
57.0475571659491;170.620970351521;336.781398580633;91
57.2388441571686;171.144503389273;336.685831792677;91
57.4218713345083;171.890251521427;337.075079938192;91
57.607669008389;172.635944115828;337.445516638831;91
57.7961984220033;173.215044811619;337.47303553558;91
57.9874918726907;173.766333909513;337.430281869106;91
58.1760342052407;174.40094672559;337.565043063697;91
58.364563618855;174.98004742138;337.59190788154;91
58.5558764479461;175.614604699704;337.709194957861;91
58.7416741218268;176.360297294105;338.070474714704;91
58.9246948396986;177.078289366116;338.392490429962;91
59.1104731351755;177.740713780089;338.590855846236;91
59.287972238369;178.542085108035;339.099185255635;91
59.4544539500774;179.621239188423;340.193517934146;91
59.6098859729613;180.839395720538;341.607578535821;91
59.7680820329183;182.029740654756;342.946023618736;91
59.8791861111461;183.248785790921;344.602130232999;91
59.9013500834741;183.248341488896;344.473789517321;91
42.1276052503649;143.552454775522;379.533536224976;92
42.3244073967948;143.964852497196;378.854016909579;92
42.5212160026926;144.405006279013;378.25343424619;92
42.7152541120494;144.845215598583;377.683025144946;92
42.9092534645988;145.118888557295;376.685836229669;92
43.1087550534229;145.225914079644;375.219105284326;92
43.308250182779;145.30518354185;373.694560436158;92
43.5049941939978;145.467776722238;372.420854342452;92
43.7045216206935;145.685826485158;371.276308171289;92
43.9013108481876;146.042712086546;370.517484755087;92
44.0925784610034;146.482976943869;370.022358403573;92
44.2866101108923;146.895430203296;369.438500198627;92
44.4834122573222;147.30782792497;368.836623538947;92
44.6774568261469;147.775793304683;368.401306269016;92
44.8687373578985;148.271570282292;368.061459990479;92
45.0600308085859;148.822859380186;367.861608920614;92
45.2485796006039;149.485228256406;367.959172850324;92
45.4316067779436;150.23097638856;368.305071348703;92
45.6174044518243;150.976668982961;368.625669203955;92
45.8032021257049;151.722361577362;368.943666091021;92
45.9862228435767;152.440353649374;369.214300521023;92
46.1747651761268;153.07496646545;369.237484229251;92
46.3633139681448;153.73733534167;369.327107020561;92
46.5490987230897;154.427515815785;369.504485201549;92
46.7348834780345;155.1176962899;369.680453122815;92
46.9234322700525;155.78006516612;369.767226152098;92
47.1175026767488;156.359054786404;369.612864260386;92
47.3087961274362;156.910343884299;369.416239750721;92
47.5028536151967;157.433821384297;369.134505405875;92
47.6969111029572;157.957298884296;368.855063564166;92
47.8909621312498;158.453020324152;368.513383942752;92
48.0850067000745;158.920985703865;368.110219901081;92
48.2762807723582;159.389006621331;367.731527100251;92
48.4703318006508;159.884728061186;367.398429681598;92
48.6643763694756;160.352693440899;367.004511249755;92
48.8583951004287;160.70963458004;366.360819853798;92
49.0524267503176;161.122087839467;365.848171489946;92
49.240949704464;161.673432475115;365.694597260766;92
49.4322560740872;162.280233693295;365.646565316324;92
49.6207919471694;162.887090449229;365.619440996433;92
49.8093278202515;163.493947205163;365.592522015886;92
50.0034046864157;164.10069288559;365.525049443694;92
50.1946916776352;164.624225923342;365.293766041585;92
50.3887233275242;165.036679182769;364.798821886268;92
50.5882895110272;165.421265306547;364.206463536409;92
50.7823340798519;165.889230686259;363.841170930863;92
50.9736016926677;166.329495543582;363.437934074684;92
51.1703715417581;166.603112964542;362.635942970109;92
51.3698989684538;166.821162727462;361.700190989627;92
51.5666752770121;167.122536208564;360.970899833635;92
51.7606875484973;167.451721287563;360.326236319028;92
51.9574703165235;167.780850828808;359.66708909178;92
52.1542595440176;168.137736430196;359.072146824544;92
52.3482847344386;168.52243362948;358.55977937447;92
52.5450804214007;168.907075291011;358.032199643669;92
52.7391056118217;169.291772490295;357.527454997233;92
52.9358690014442;169.537633851112;356.715825121149;92
53.135383509204;169.700171493746;355.717120040706;92
53.3293828617535;169.973844452459;354.994680393333;92
53.5151417788267;170.553000686002;354.967825546527;92
53.7036647329731;171.10434532165;354.865207858089;92
53.897696382862;171.516798581077;354.440029505535;92
54.0944791508883;171.845928122322;353.828334579482;92
54.2885043413093;172.230625321606;353.353019854774;92
54.4825424506661;172.670834641176;352.994491425334;92
54.676574100555;173.083287900603;352.582008457452;92
54.873369787517;173.467929562134;352.098252494363;92
55.0674143563417;173.935894941847;351.804051672875;92
55.255943769956;174.514995637638;351.771017925479;92
55.4444796430382;175.121852393571;351.793925674204;92
55.6385435902666;175.673085953713;351.670373694149;92
55.8298305814861;176.196618991465;351.509904286893;92
56.0183406166967;176.692451506826;351.312871776056;92
56.2123916449893;177.188172946682;351.08233034069;92
56.4064555922177;177.739406506824;350.962908597949;92
56.5949914652999;178.346263262757;350.988042726758;92
56.7862978349231;178.953064480938;350.995775757382;92
56.9775912856105;179.504353578832;350.895021379908;92
57.1688847362979;180.055642676727;350.794941273154;92
57.360197565389;180.69019995505;350.857097078711;92
57.5459887798017;181.408136489309;351.11389061392;92
57.7317670752787;182.070560903281;351.262012476979;92
57.9230540664982;182.594093941033;351.108690699058;92
58.1143475171856;183.145383038927;351.009535466746;92
58.2946171169201;183.946698829121;351.455100065769;92
58.4748802571866;184.720258559171;351.845088083608;92
58.6606650121315;185.410439033286;352.041210767521;92
58.8519843006905;186.072752371753;352.150230565887;92
59.0377819745712;186.818444966154;352.448791475176;92
59.2208220708466;187.619705218594;352.866413500536;92
59.401098130049;188.44877706893;353.350048721653;92
59.5813806487192;189.305604979409;353.882605303847;92
59.7561415527112;190.245812145823;354.600108311697;92
59.8755119042867;191.270398247728;355.799086318259;92
42.0849761457661;150.853187197157;394.946791065448;93
42.2845035724617;151.071236960077;393.651339450867;93
42.4730200671402;151.594825535582;393.262394578344;93
42.6643070583597;152.118358573334;392.851231396909;93
42.8611092047896;152.530756295008;392.107547796677;93
43.0578919728158;152.859885836253;391.157761100118;93
43.2547005787136;153.30003961807;390.499193829275;93
43.4459811104652;153.795816595679;390.03726094365;93
43.6372551827489;154.263837513145;389.509352597918;93
43.8312997515737;154.731802892857;388.961325281019;93
44.0253507798663;155.227524332713;388.487536929206;93
44.2166377710858;155.751057370465;388.111465275891;93
44.4079247623053;156.274590408217;387.738633477419;93
44.6019757905979;156.770311848072;387.276289973197;93
44.7960332783584;157.293789348071;386.886166252506;93
44.990084306651;157.789510787927;386.431488028273;93
45.186879993613;158.174152449458;385.686417543971;93
45.3836692211071;158.531038050846;384.880477540097;93
45.5776944115281;158.91573525013;384.172022461283;93
45.7717325208849;159.3559445697;383.603094682789;93
45.9657770897097;159.823909949412;383.105448960758;93
46.1598281180023;160.319631389268;382.678186547386;93
46.3511151092217;160.84316442702;382.343407742636;93
46.5424021004412;161.366697464772;382.01138078684;93
46.7364595882018;161.89017496477;381.659315177469;93
46.927759498357;162.469220122808;381.46303560096;93
47.113537793834;163.13164453678;381.508028695476;93
47.2993290082468;163.849581071039;381.681877681516;93
47.4851137631917;164.539761545154;381.790014397536;93
47.6736560957418;165.17437436123;381.746791685681;93
47.8649560058971;165.753419519268;381.554005652244;93
48.0562623755202;166.360220737448;381.426341588978;93
48.2475687451434;166.967021955629;381.299689926922;93
48.4416262329039;167.490499455627;380.96286822102;93
48.6356643422608;167.930708775197;380.440245322304;93
48.8269513334803;168.454241812949;380.131209401372;93
49.0127167100214;169.061154106636;380.054814435982;93
49.2012525831036;169.668010862569;379.957475591485;93
49.3925395743231;170.191543900321;379.653848071385;93
49.5893546396888;170.659453742281;379.186685480098;93
49.7833927490456;171.099663061851;378.683034295354;93
49.9774437773383;171.595384501706;378.305580307648;93
50.1659731909525;172.174485197497;378.155774023952;93
50.3572731011078;172.753530355535;377.986171241136;93
50.5485665517952;173.304819453429;377.75739978768;93
50.7398535430147;173.828352491181;377.470128788582;93
50.9311469937021;174.379641589076;377.245014017455;93
51.1224469038574;174.958686747113;377.081357818422;93
51.3109827769396;175.565543503047;376.99894680998;93
51.502276227627;176.116832600941;376.778078524046;93
51.6963143369838;176.557041920511;376.302104491578;93
51.8931164834137;176.969439642185;375.750620937569;93
52.0871352143668;177.326380781326;375.106044851609;93
52.2839115229252;177.627754262429;374.32940041218;93
52.4806878314835;177.929127743531;373.5585800285;93
52.6774770589776;178.286013344919;372.909538185935;93
52.8715022493986;178.670710544203;372.34274730571;93
53.0682914768928;179.027596145591;371.702993828729;93
53.2650807043869;179.384481746979;371.067967523503;93
53.4618634724131;179.713611288224;370.380457142344;93
53.6586591593751;180.098252949755;369.811888389617;93
53.8499396911267;180.594029927364;369.512685665703;93
54.041239601282;181.173075085402;369.385240187446;93
54.2325395114373;181.752120243439;369.258693811785;93
54.4238329621247;182.303409341334;369.07688817208;93
54.6151134938763;182.799186318943;368.784451584769;93
54.8091516032331;183.239395638513;368.363809515587;93
55.0031961720578;183.707361018225;368.001692889733;93
55.194502541681;184.314162236406;367.937512331842;93
55.380280837158;184.976586650378;368.021161826704;93
55.5688102507723;185.555687346169;367.9208130411;93
55.7600907825239;186.051464323778;367.638347167769;93
55.9541288918807;186.491673643348;367.23028707536;93
56.1481605417696;186.904126902775;366.77062254833;93
56.3449626881995;187.316524624449;366.296003648505;93
56.5389943380884;187.728977883876;365.842722910064;93
56.7330324474452;188.169187203445;365.446406575466;93
56.9270834757378;188.664908643301;365.160152595216;93
57.1156322677558;189.327277519521;365.232474502603;93
57.3014299416365;190.072970113922;365.482078363242;93
57.4899787336545;190.735338990141;365.552873532108;93
57.6785081472688;191.314439685932;365.464263097381;93
57.8615224056726;192.0046756978;365.622684552217;93
58.0417920054071;192.805991487993;366.008269301319;93
58.2220745240774;193.662819398472;366.496438717164;93
58.4051146203528;194.464079650913;366.859438126515;93
58.5908993752977;195.154260125028;366.994077936566;93
58.7794546267836;195.84438506139;367.110458370687;93
58.9680034188016;196.50675393761;367.174272362191;93
59.1593033289569;197.085799095647;367.06541419434;93
59.3561054753868;197.498196817321;366.613895355363;93
59.5446348890011;198.077297513112;366.524702575637;93
59.702830948958;199.26764244733;367.750305810821;93
59.8277358341477;200.264361413586;368.818151908798;93
41.9548280182052;163.040763412043;428.179074990347;93
42.1240673075188;164.064349834392;429.13615767243;93
42.287791441622;165.199071572818;430.431238744453;93
42.4515091162573;166.306037251102;431.644355585329;93
42.6179972874336;167.412947391633;432.819869374986;93
42.7844854586099;168.519857532163;433.986234561409;93
42.9509671703183;169.599011612551;435.072420339542;93
43.122976956173;170.622542497147;435.952185773773;93
43.2977507791007;171.618261783847;436.726300974552;93
43.4669965278822;172.669604266338;437.690827929966;93
43.6334782395906;173.748758346726;438.745888963595;93
43.8027239883721;174.800100829218;439.695219949304;93
43.9719697371537;175.85144331171;440.637243087106;93
44.13845790833;176.95835345224;441.738342590993;93
44.3049396200384;178.037507532628;442.762204622458;93
44.4741853688199;179.08885001512;443.681918799354;93
44.6434311176014;180.140192497612;444.594659600296;93
44.8099128293098;181.219346578;445.596371456095;93
44.8903412020817;181.578564765018;445.67970421124;93
44.9819096962287;182.187365342309;446.263688492106;93
45.0512625423044;182.574561740483;446.523669419822;93
45.2350892724228;183.719568482937;447.498052414201;93
45.4189160025412;184.864575225391;448.464548049942;93
45.6027427326596;186.009581967845;449.423251709949;93
45.786569462778;187.154588710299;450.374257245329;93
45.9703961928964;188.299595452754;451.317657006021;93
46.1542229230148;189.444602195208;452.253541870687;93
46.3380496531332;190.589608937662;453.182001275899;93
46.5218763832516;191.734615680116;454.103123244629;93
46.70570311337;192.87962242257;455.016994414066;93
46.8895298434884;194.024629165024;455.923700062782;93
47.0733565736068;195.169635907478;456.823324137262;93
47.2571833037252;196.314642649932;457.715949277806;93
47.4410100338436;197.459649392387;458.601656843843;93
47.624836763962;198.604656134841;459.480526938646;93
47.8086634940803;199.749662877294;460.352638433482;93
47.9924902241987;200.894669619748;461.218068991212;93
48.1763169543171;202.039676362202;462.07689508934;93
48.3601436844355;203.184683104657;462.929192042542;93
48.5439704145539;204.329689847111;463.775034024687;93
48.7277971446723;205.474696589565;464.614494090354;93
48.9116238747907;206.619703332019;465.447644195864;93
49.0954506049091;207.764710074473;466.274555219842;93
49.2792773350275;208.909716816927;467.095296983317;93
49.4631040651459;210.054723559381;467.909938269375;93
49.6469307952643;211.199730301836;468.718546842376;93
49.8307575253827;212.34473704429;469.521189466742;93
50.0145842555011;213.489743786744;470.317931925334;93
50.1984109856195;214.634750529198;471.108839037428;93
50.3822377157379;215.779757271652;471.893974676286;93
50.5660644458563;216.924764014106;472.673401786361;93
50.7498911759747;218.06977075656;473.44718240011;93
50.9337179060931;219.214777499014;474.215377654459;93
51.1175446362115;220.359784241469;474.9780478069;93
51.3013713663299;221.504790983923;475.73525225125;93
51.4851980964483;222.649797726377;476.487049533069;93
51.6690248265667;223.794804468831;477.233497364748;93
51.8528515566851;224.939811211285;477.974652640281;93
52.0366782868035;226.084817953739;478.710571449717;93
52.2205050169219;227.229824696193;479.441309093313;93
52.4043317470403;228.374831438647;480.166920095385;93
52.5881584771587;229.519838181102;480.88745821787;93
52.7719852072771;230.664844923556;481.602976473602;93
52.9558119373955;231.80985166601;482.31352713932;93
53.1396386675139;232.954858408464;483.019161768395;93
53.3234653976323;234.099865150918;483.719931203298;93
53.5072921277507;235.244871893372;484.415885587816;93
53.6911188578691;236.389878635826;485.107074379009;93
53.8749455879875;237.53488537828;485.793546358928;93
54.0587723181059;238.679892120735;486.475349646089;93
54.2425990482243;239.824898863189;487.152531706722;93
54.4264257783427;240.969905605643;487.825139365779;93
54.6102525084611;242.114912348097;488.493218817735;93
54.7940792385795;243.259919090551;489.156815637158;93
54.9779059686979;244.404925833005;489.815974789075;93
55.1617326988163;245.549932575459;490.470740639128;93
55.3455594289347;246.694939317913;491.121156963531;93
55.5293861590531;247.839946060368;491.767266958819;93
55.7132128891715;248.984952802822;492.409113251422;93
55.8970396192899;250.129959545276;493.046737907029;93
56.0808663494083;251.27496628773;493.680182439784;93
56.2646930795267;252.419973030184;494.309487821295;93
56.448519809645;253.564979772638;494.934694489468;93
56.6323465397634;254.709986515092;495.555842357168;93
56.8161732698818;255.854993257546;496.172970820714;93
57.0000000000002;257;496.786118768207;93
57.8947520616981;251.457767759641;473.469640929949;94
57.7448351940247;250.128475911448;472.18943987708;94
57.5894031711408;248.910319379333;471.158037186734;94
57.433964688789;247.664406787076;470.068423697938;94
57.2785326659051;246.446250254961;469.025667600295;94
57.1148085318019;245.311528516534;468.20442387218;94
56.9427922864794;244.260241571796;467.606244443629;94
56.7707889600927;243.264466747343;467.110926875836;94
56.5960280561007;242.324259580929;466.742363181538;94
56.4185031150357;241.411864012411;466.448101268723;94
56.2409781739706;240.499468443893;466.151981677381;94
56.0634467734377;239.559316815232;465.800071443071;94
55.88867295051;238.563597528532;465.314576193592;94
55.7139185059859;237.651146422261;464.988796002109;94
55.5336682846552;236.933098812497;465.088554841345;94
55.3451388710409;236.353998116706;465.532227310348;94
55.1538454203535;235.802709018812;466.057254163908;94
54.9652901688676;235.112584082449;466.287345441951;94
54.7850205691331;234.311268292256;466.227219717013;94
54.6047445099308;233.48219644192;466.111341434047;94
54.4244684507284;232.653124591584;465.994695478716;94
54.2441923915261;231.824052741248;465.877274197134;94
54.0666609909931;230.883901112587;465.511465221114;94
53.8946512051385;229.860370227991;464.926944157513;94
53.7198773822108;228.864650941291;464.419007685197;94
53.547874055824;227.868876116839;463.883640316476;94
53.3786347665104;226.84528969449;463.264032808841;94
53.212153054802;225.766135614102;462.502673259492;94
53.0401497284153;224.770360789649;461.9559666518;94
52.8626183278823;223.830209160988;461.568656568379;94
52.6906214609635;222.862190396678;461.0726413882;94
52.5241397492551;221.783036316291;460.294362911683;94
52.3604026962161;220.592802457578;459.255789301275;94
52.1966785621129;219.458080719151;458.326520533793;94
52.0301968504045;218.378926638764;457.532066757582;94
51.8581870645499;217.355395754168;456.898124552374;94
51.6917053528414;216.27624167378;456.093868088227;94
51.5307452558113;215.113708337457;455.059246370078;94
51.3725427363865;213.895607343096;453.875858347616;94
51.206061024678;212.816453262708;453.054148194915;94
51.0340641577592;211.848434498398;452.513336536725;94
50.8620608313725;210.852659673945;451.90943651828;94
50.6983366972693;209.717937935519;450.928979926596;94
50.5373830597071;208.583160659339;449.917384330182;94
50.3681502298614;207.587330297133;449.273829614203;94
50.1906317482642;206.702690788758;448.941494060172;94
50.0158708442723;205.762483622344;448.460955637445;94
49.852153169637;204.65551794406;447.513166543776;94
49.6939441907442;203.409660889556;446.204953668803;94
49.5357416713193;202.191559895194;444.949407247728;94
49.3720175372161;201.056838156767;443.919531506281;94
49.2027782479025;200.033251734418;443.178668576716;94
49.0252468473696;199.093100105758;442.693045623831;94
48.8504794839097;198.125136879201;442.116810536326;94
48.6812337351282;197.073794396709;441.299648881676;94
48.5147520234198;195.994640316321;440.389199023431;94
48.3427422375652;194.971109431725;439.648160496952;94
48.1707324517105;193.94757854713;438.901829716369;94
48.001486702929;192.896236064638;438.06176074944;94
47.8350049912206;191.81708198425;437.127104251143;94
47.6685168200443;190.710171843719;436.122504805674;94
47.5075567230142;189.547638507397;434.932601037407;94
47.343832588911;188.41291676897;433.823965905416;94
47.1718098841206;187.333873764088;432.912428065909;94
47.0053152534764;186.199207563415;431.814417121206;94
46.858162422876;184.842104117326;430.013341106916;94
46.7469614526298;183.206718079019;427.222667605082;94
46.6744957582144;181.348506031024;423.546041275088;94
46.6518796231335;179.406026123045;419.212438157308;94
46.6763554697817;177.434846013121;414.38903472034;94
46.7479555954987;175.573746001965;409.414511489071;94
46.8722791285775;174.072419555359;404.836977905279;94
47.0410597956703;173.125325707561;401.189710135335;94
47.2349041209901;172.732853222844;398.637534565835;94
47.4343863314105;172.756610564764;397.01568773662;94
47.6339331365098;173.057928508113;396.042084581282;94
47.8279777053345;173.525893887826;395.501879500592;94
48.0192582370861;174.021670865435;395.051910680534;94
48.2105581472414;174.600716023472;394.793633416066;94
48.3935853245811;175.346464155627;394.980352962066;94
48.5738420053798;176.092267825534;395.188329086332;94
48.7596203008567;176.754692239506;395.163584455677;94
48.9509137515441;177.305981337401;394.847018569092;94
49.1449518609009;177.746190656971;394.26449367898;94
49.3389835107898;178.158643916398;393.625277700691;94
49.5330216201467;178.598853235968;393.052102625449;94
49.7243215303019;179.177898394005;392.809381807868;94
49.9101062852468;179.868078868121;392.854634533242;94
50.0931270031186;180.586070940132;392.981753123933;94
50.2789182175314;181.30400747439;393.086164551247;94
50.4674734690173;181.994132410753;393.108199501952;94
50.6587798386405;182.600933628933;392.929420800529;94
50.8473221711905;183.23554644501;392.832961521886;94
51.0358645037406;183.870159261086;392.737214944304;94
51.2243939173549;184.449259956877;392.524137582318;94
51.4184449456475;184.944981396732;392.093725385491;94
51.6097383963349;185.496270494627;391.804846853269;94
51.7927591142067;186.214262566638;391.931503565808;94
51.9730157950053;186.960066236546;392.136451743443;94
52.1615516680875;187.566922992479;391.987331515271;94
52.3556156153159;188.118156552621;391.682098799476;94
52.5469219849391;188.724957770801;391.514936035315;94
52.7327196588198;189.470650365203;391.676986733965;94
52.9157597550953;190.271910617643;391.972792269853;94
53.1015574289759;191.017603212044;392.132115382935;94
53.292870258067;191.652160490367;392.022404177571;94
53.4814061311492;192.259017246301;391.877366098166;94
53.6726931223687;192.782550284053;391.544036192416;94
53.8639801135882;193.306083321804;391.213073793657;94
54.0552541858719;193.77410423927;390.77259922813;94
54.2520304944302;194.075477720372;389.960794203847;94
54.4515579211259;194.293527483293;388.968384170489;94
54.6483213107484;194.539388844109;388.058321550108;94
54.8450976193067;194.840762325212;387.265033411703;94
55.0418739278651;195.142135806314;386.477417329875;94
55.2386308580197;195.360241106987;385.531223446;94
55.4326237511012;195.606158005557;384.665615492434;94
55.6238849044491;196.018666802737;384.151375763163;94
55.8151848146044;196.597711960775;383.965648173783;94
56.0037142282187;197.176812656565;383.800283063395;94
56.1977587970434;197.644778036278;383.382802687655;94
56.391809825336;198.140499476134;383.021806286346;94
56.5831032760234;198.691788574028;382.788988607486;94
56.7743902672429;199.21532161178;382.504490169396;94
56.9684283765997;199.65553093135;382.044002886272;94
57.1652305230296;200.067928653024;381.515156765943;94
57.3564981358454;200.508193510347;381.079665955942;94
57.547778667597;201.003970487956;380.752138452195;94
57.7390721182844;201.55525958585;380.531501477818;94
57.9276209103024;202.21762846207;380.53937451437;94
58.1106480876421;202.963376594224;380.739767134935;94
58.2936881839175;203.764636846664;381.04262538511;94
58.4767218207251;204.538141038961;381.291888038311;94
58.6597619170006;205.339401291401;381.59113344202;94
58.842802013276;206.140661543842;381.888517142832;94
59.0286061466246;206.914110198386;382.11479999234;94
59.2116462429001;207.715370450826;382.40871241257;94
59.3946798797076;208.488874643123;382.649912853143;94
59.577726435451;209.317890955706;382.991119346616;94
59.7497297618377;210.313665780159;383.705325959078;94
59.8856714169161;211.115870174402;384.294561263742;94
59.8708647785243;242.7304669792;437.299809450378;95
59.6850606451758;241.957018324656;437.263384888209;95
59.5047975049092;241.183458594606;437.185817624669;95
59.32728548278;240.326575146374;436.93601920491;95
59.1497605417149;239.414179577856;436.583587746995;95
58.974999637723;238.473972411442;436.157723162205;95
58.79746823719;237.533820782781;435.74996029371;95
58.619943296125;236.621425214263;435.390751631993;95
58.442411895592;235.681273585602;434.978181632629;95
58.2704085692053;234.685498761149;434.418908409765;95
58.0956476652134;233.745291594735;433.980086121417;95
57.9181291836162;232.86065208636;433.662742426521;95
57.7406107020191;231.976012577985;433.343447440491;95
57.5630793014861;231.035860949324;432.91826089877;95
57.3883054785584;230.040141662625;432.365221334945;95
57.2190661892448;229.016555240276;431.714504330344;95
57.0443052852528;228.076348073862;431.259309214488;95
56.8640227665826;227.219520163383;431.001306085718;95
56.6865042849854;226.334880655008;430.667739183612;95
56.5145074180666;225.366861890698;430.130895910004;95
56.342497632212;224.343331006102;429.484600663375;95
56.1704813868895;223.292044061363;428.781097317034;95
55.9957011044938;222.268568714521;428.147974786517;95
55.8236783997034;221.189525709639;427.382401521617;95
55.6654823397464;219.999180775421;426.290461248133;95
55.5100503168625;218.781024243306;425.117083927801;95
55.3490966793003;217.646246967126;424.141895730206;95
55.1826149675919;216.567092886738;423.312134391313;95
55.0244253671028;215.404504012662;422.250130056681;95
54.8800430330435;214.047345028821;420.693624042884;95
54.7494679654139;212.495615935213;418.639881736311;95
54.6354642012871;210.721505133944;416.010938681145;95
54.585149560264;208.807336663639;412.611926699238;95
54.6374078859371;207.168673897899;408.982312898921;95
54.781247624693;206.194323829736;405.98997954625;95
54.9751177878845;205.91287558559;404.006044587721;95
55.1774157111211;206.130869810757;402.950971992352;95
55.3769818946241;206.515455934535;402.247918826021;95
55.5710264634489;206.983421314248;401.751651173166;95
55.7623199141363;207.534710412143;401.439809178462;95
55.9480917501453;208.169378765972;401.330434798338;95
56.1393787413648;208.692911803724;400.968840075259;95
56.3334168507216;209.133121123294;400.43059555561;95
56.5247038419411;209.656654161046;400.07451097311;95
56.7049669822077;210.430213891096;400.274130302903;95
56.8907581966205;211.148150425354;400.328111317292;95
57.0848221438489;211.699383985496;400.008730146875;95
57.2761220540042;212.278429143533;399.763176350986;95
57.4619003494811;212.940853557506;399.714160210158;95
57.6476786449581;213.603277971478;399.66545999307;95
57.836233896444;214.293402907841;399.649545877503;95
58.022012191921;214.955827321813;399.601366739647;95
58.2105674434069;215.645952258175;399.585762573074;95
58.399109775957;216.280565074252;399.467817288405;95
58.5876456490391;216.887421830185;399.299574993593;95
58.7734174850482;217.522090184015;399.202223284859;95
58.9591957805252;218.184514597987;399.156219473929;95
59.1477381130753;218.819127414064;399.041136246974;95
59.3390509421664;219.453684692387;398.90805782875;95
59.5220910384418;220.254944944827;399.133348532778;95
59.6940943648286;221.25071976928;399.782567021431;95
59.8605889954728;222.385385969954;400.715172197838;95
59.9077068150736;222.46771000858;400.548229609436;95
60;229.908555637003;412.007493722152;95.3
